project,network,deploymentPath
"aave-forks","aave-amm-ethereum","aave-forks/protocols/aave-amm/config/deployments/aa
Summary:
Total network deployments found: 495
Projects with network deployments: 159

Network deployments by project:

aave-forks (35 networks):
  - aave-amm-ethereum
  - aave-arc-ethereum
  - aave-rwa-ethereum
  - aave-v2-avalanche
  - aave-v2-ethereum
  - aave-v2-polygon
  - aave-v3-arbitrum
  - aave-v3-avalanche
  - aave-v3-base
  - aave-v3-bsc
  - aave-v3-ethereum
  - aave-v3-fantom
  - aave-v3-gnosis
  - aave-v3-harmony
  - aave-v3-metis
  - aave-v3-optimism
  - aave-v3-polygon
  - aave-v3-scroll
  - geist-finance-fantom
  - kinza-finance-bsc
  - pac-finance-blast
  - radiant-capital-arbitrum
  - radiant-capital-v2-arbitrum
  - radiant-capital-v2-bsc
  - seamless-protocol-base
  - seismic-blast
  - spark-lend-ethereum
  - spark-lend-gnosis
  - superlend-etherlink-mainnet
  - uwu-lend-ethereum
  - zerolend-blast
  - zerolend-ethereum
  - zerolend-linea
  - zerolend-xlayer
  - zerolend-zksync-era

aave-governance (2 networks):
  - aave-governance-ethereum
  - dydx-governance-ethereum

abracadabra (5 networks):
  - abracadabra-arbitrum
  - abracadabra-avalanche
  - abracadabra-bsc
  - abracadabra-ethereum
  - abracadabra-fantom

across-v2 (5 networks):
  - across-v2-arbitrum
  - across-v2-boba
  - across-v2-ethereum
  - across-v2-optimism
  - across-v2-polygon

affine-restaking (2 networks):
  - affine-restaking-ethereum
  - affine-restaking-linea

alpaca-finance-lending (2 networks):
  - alpaca-finance-lending-bsc
  - alpaca-finance-lending-fantom

amphor (1 networks):
  - amphor-ethereum

anzen-v2 (4 networks):
  - anzen-v2-arbitrum
  - anzen-v2-base
  - anzen-v2-blast
  - anzen-v2-ethereum

aqua-patina (1 networks):
  - aqua-patina-ethereum

arbitrum-one-bridge (2 networks):
  - arbitrum-one-bridge-arbitrum
  - arbitrum-one-bridge-ethereum

arrakis-finance (3 networks):
  - arrakis-finance-ethereum
  - arrakis-finance-optimism
  - arrakis-finance-polygon

aspida (1 networks):
  - aspida-ethereum

aura-finance (1 networks):
  - aura-finance-ethereum

aurus (1 networks):
  - aurus-ethereum

axelar (8 networks):
  - axelar-arbitrum
  - axelar-avalanche
  - axelar-bsc
  - axelar-celo
  - axelar-ethereum
  - axelar-fantom
  - axelar-moonbeam
  - axelar-polygon

badgerdao (1 networks):
  - badgerdao-ethereum

balancer-forks (5 networks):
  - balancer-v2-arbitrum
  - balancer-v2-ethereum
  - balancer-v2-polygon
  - beethoven-x-fantom
  - beethoven-x-optimism

bancor-v3 (1 networks):
  - bancor-v3-ethereum

bedrock-unieth (1 networks):
  - bedrock-unieth-ethereum

beefy-finance (13 networks):
  - beefy-finance-arbitrum
  - beefy-finance-aurora
  - beefy-finance-avalanche
  - beefy-finance-bsc
  - beefy-finance-celo
  - beefy-finance-cronos
  - beefy-finance-fantom
  - beefy-finance-fuse
  - beefy-finance-harmony
  - beefy-finance-moonbeam
  - beefy-finance-moonriver
  - beefy-finance-optimism
  - beefy-finance-polygon

beethovenx-sftmx (1 networks):
  - beethovenx-sftmx-fantom

belt-finance (1 networks):
  - belt-finance-bsc

benqi-staked-avax (1 networks):
  - benqi-staked-avax-avalanche

binance-staked-eth (2 networks):
  - binance-staked-eth-bsc
  - binance-staked-eth-ethereum

blackwing (3 networks):
  - blackwing-arbitrum
  - blackwing-bsc
  - blackwing-ethereum

bob-fusion (1 networks):
  - bob-fusion-ethereum

bracket-escrow-staking (2 networks):
  - bracket-escrow-staking-arbitrum
  - bracket-escrow-staking-ethereum

burrow (1 networks):
  - burrow-near

cbridge (14 networks):
  - cbridge-arbitrum
  - cbridge-aurora
  - cbridge-avalanche
  - cbridge-boba
  - cbridge-bsc
  - cbridge-celo
  - cbridge-ethereum
  - cbridge-fantom
  - cbridge-gnosis
  - cbridge-harmony
  - cbridge-moonbeam
  - cbridge-moonriver
  - cbridge-optimism
  - cbridge-polygon

chainlink-staking (1 networks):
  - chainlink-staking-ethereum

coinbase-wrapped-staked-eth (1 networks):
  - coinbase-wrapped-staked-eth-ethereum

compound-forks (28 networks):
  - aurigami-aurora
  - banker-joe-avalanche
  - bastion-protocol-aurora
  - benqi-avalanche
  - compound-v2-ethereum
  - cream-finance-arbitrum
  - cream-finance-bsc
  - cream-finance-ethereum
  - cream-finance-polygon
  - dforce-arbitrum
  - dforce-avalanche
  - dforce-bsc
  - dforce-ethereum
  - dforce-optimism
  - dforce-polygon
  - iron-bank-avalanche
  - iron-bank-ethereum
  - iron-bank-fantom
  - iron-bank-optimism
  - moonwell-base
  - moonwell-moonbeam
  - moonwell-moonriver
  - rari-fuse-arbitrum
  - rari-fuse-ethereum
  - scream-fantom
  - sonne-finance-optimism
  - tectonic-cronos
  - venus-protocol-bsc

compound-v3 (4 networks):
  - compound-v3-arbitrum
  - compound-v3-base
  - compound-v3-ethereum
  - compound-v3-polygon

concentrator (1 networks):
  - concentrator-ethereum

convex-finance (1 networks):
  - convex-finance-ethereum

creth2 (1 networks):
  - creth2-ethereum

cronos-dummy (1 networks):
  - cronos

cryptopunks (1 networks):
  - cryptopunks-ethereum

curve-finance (10 networks):
  - curve-finance-arbitrum
  - curve-finance-aurora
  - curve-finance-avalanche
  - curve-finance-ethereum
  - curve-finance-fantom
  - curve-finance-gnosis
  - curve-finance-harmony
  - curve-finance-moonbeam
  - curve-finance-optimism
  - curve-finance-polygon

cygnus-finance (1 networks):
  - cygnus-finance-base

deq (1 networks):
  - deq-ethereum

dinero-pxeth (1 networks):
  - dinero-pxeth-ethereum

dopex (2 networks):
  - dopex-arbitrum
  - dopex-polygon

eigenlayer (1 networks):
  - eigenlayer-ethereum

eigenpie (1 networks):
  - eigenpie-ethereum

ellipsis-finance (1 networks):
  - ellipsis-finance-bsc

erc20 (6 networks):
  - erc20-holders-2017
  - erc20-holders-2018
  - erc20-holders-2019
  - erc20-holders-2020
  - erc20-holders-2021
  - erc20-holders-2022

erc721-holders (1 networks):
  - erc721-holders-ethereum

erc721-metadata (1 networks):
  - erc721-metadata-ethereum

etherfi (1 networks):
  - etherfi-ethereum

euler-finance (1 networks):
  - euler-finance-ethereum

flat-money (1 networks):
  - flat-money-base

frax-ether-staking (7 networks):
  - frax-ether-staking-arbitrum
  - frax-ether-staking-bsc
  - frax-ether-staking-ethereum
  - frax-ether-staking-fantom
  - frax-ether-staking-moonbeam
  - frax-ether-staking-optimism
  - frax-ether-staking-polygon

friend-tech (1 networks):
  - friend-tech-base

fx-protocol (1 networks):
  - fx-protocol-ethereum

gains-trade (2 networks):
  - gains-trade-arbitrum
  - gains-trade-polygon

gamma-strategies (4 networks):
  - gamma-strategies-arbitrum
  - gamma-strategies-ethereum
  - gamma-strategies-optimism
  - gamma-strategies-polygon

gaurda-staking (1 networks):
  - gaurda-staking-ethereum

geode (1 networks):
  - geode-avalanche

gmx-forks (5 networks):
  - gmx-arbitrum
  - gmx-avalanche
  - mummy-finance-arbitrum
  - mummy-finance-fantom
  - mummy-finance-optimism

gogopool (1 networks):
  - gogopool-avalanche

goldfinch (1 networks):
  - goldfinch-ethereum

governor-alpha-bravo (19 networks):
  - ampleforth-governance-ethereum
  - compound-governance-ethereum
  - compound-governance-v1-ethereum
  - cryptex-governance-ethereum
  - gitcoin-governance-ethereum
  - hifi-governance-ethereum
  - idle-governance-ethereum
  - idle-governance-v1-ethereum
  - indexed-governance-ethereum
  - lilnouns-governance-ethereum
  - nouns-governance-ethereum
  - ooki-governance-ethereum
  - pooltogether-governance-ethereum
  - radicle-governance-ethereum
  - reflexer-governance-ethereum
  - uniswap-governance-ethereum
  - uniswap-governance-v1-ethereum
  - uniswap-governance-v2-ethereum
  - unslashed-governance-ethereum

gudchain (1 networks):
  - gudchain-ethereum

hop-protocol (6 networks):
  - hop-protocol-arbitrum
  - hop-protocol-ethereum
  - hop-protocol-optimism
  - hop-protocol-polygon
  - hop-protocol-polygon-zkevm
  - hop-protocol-xdai

hord-fi (1 networks):
  - hord-fi-ethereum

hyperlock-finance (1 networks):
  - hyperlock-finance-blast

inception (1 networks):
  - inception-ethereum

inverse-finance (1 networks):
  - inverse-finance-ethereum

karak (3 networks):
  - karak-arbitrum
  - karak-bsc
  - karak-ethereum

kelp-dao (1 networks):
  - kelp-dao-ethereum

kernel-protocol (1 networks):
  - kernel-protocol-ethereum

klimadao (1 networks):
  - klimadao-polygon

kwenta (1 networks):
  - kwenta-optimism

level-finance (2 networks):
  - level-finance-arbitrum
  - level-finance-bsc

lido (1 networks):
  - lido-ethereum

liquid-collective (1 networks):
  - liquid-collective-ethereum

liquity (1 networks):
  - liquity-ethereum

livepeer (1 networks):
  - livepeer-arbitrum

llama-airforce (1 networks):
  - llama-airforce-ethereum

looksrare (1 networks):
  - looksrare-ethereum

lybra-finance (1 networks):
  - lybra-finance-ethereum

m0-power (1 networks):
  - m0-power-ethereum

maker-governance (1 networks):
  - maker-governance-ethereum

makerdao (1 networks):
  - makerdao-ethereum

mantle-staked-eth (1 networks):
  - mantle-staked-eth-ethereum

maple-finance-v1 (1 networks):
  - maple-finance-v1-ethereum

maple-finance-v2 (1 networks):
  - maple-finance-v2-ethereum

matrixdock (1 networks):
  - matrixdock-ethereum

mellow-lrt (1 networks):
  - mellow-lrt-ethereum

mev-protocol (1 networks):
  - mev-protocol-ethereum

morpho (3 networks):
  - morpho-aave-v2-ethereum
  - morpho-aave-v3-ethereum
  - morpho-compound-ethereum

morpho-blue (1 networks):
  - morpho-blue-ethereum

mountain-protocol (5 networks):
  - mountain-protocol-arbitrum
  - mountain-protocol-base
  - mountain-protocol-ethereum
  - mountain-protocol-optimism
  - mountain-protocol-polygon

multichain (9 networks):
  - multichain-arbitrum
  - multichain-avalanche
  - multichain-bsc
  - multichain-celo
  - multichain-ethereum
  - multichain-fantom
  - multichain-gnosis
  - multichain-optimism
  - multichain-polygon

mux-protocol (5 networks):
  - mux-protocol-arbitrum
  - mux-protocol-avalanche
  - mux-protocol-bsc
  - mux-protocol-fantom
  - mux-protocol-optimism

network (24 networks):
  - arweave-mainnet
  - cosmoshub
  - cronos
  - evm-arbitrum
  - evm-aurora
  - evm-avalanche
  - evm-boba
  - evm-bsc
  - evm-celo
  - evm-clover
  - evm-ethereum
  - evm-fantom
  - evm-fuse
  - evm-gnosis
  - evm-harmony
  - evm-moonbeam
  - evm-moonriver
  - evm-optimism
  - evm-polygon
  - evm-polygon-zkevm
  - evm-zksync
  - juno
  - near-mainnet
  - osmosis

nexus-mutual (1 networks):
  - nexus-mutual-ethereum

node-dao (1 networks):
  - node-dao-ethereum

notional-finance (1 networks):
  - notional-finance-ethereum

opensea (2 networks):
  - opensea-v1-ethereum
  - opensea-v2-ethereum

openzeppelin-governor (13 networks):
  - angle-governance-ethereum
  - code4rena-governance-polygon
  - ens-governance-ethereum
  - euler-governance-ethereum
  - fei-governance-ethereum
  - hop-governance-ethereum
  - optimism-governance-optimism
  - ousd-governance-ethereum
  - rarible-governance-ethereum
  - silo-governance-ethereum
  - threshold-governance-ethereum
  - truefi-governance-ethereum
  - unlock-governance-ethereum

optimism-bridge-v2 (2 networks):
  - optimism-bridge-v2-ethereum
  - optimism-bridge-v2-optimism

opyn-gamma (4 networks):
  - opyn-gamma-arbitrum
  - opyn-gamma-avalanche
  - opyn-gamma-ethereum
  - opyn-gamma-polygon

ora-protocol (1 networks):
  - ora-protocol-ethereum

orbit (6 networks):
  - orbit-bsc
  - orbit-celo
  - orbit-ethereum
  - orbit-heco
  - orbit-klaytn
  - orbit-polygon

origin-ether (1 networks):
  - origin-ether-ethereum

osmosis-dex (1 networks):
  - osmosis-dex-osmosis

paxos-gold (1 networks):
  - paxos-gold-ethereum

platypus-finance (1 networks):
  - platypus-finance-avalanche

portal (5 networks):
  - portal-avalanche
  - portal-bsc
  - portal-ethereum
  - portal-fantom
  - portal-polygon

powh3d (1 networks):
  - powh3d-ethereum

prime-staked-eth (1 networks):
  - prime-staked-eth-ethereum

puffer-finance (1 networks):
  - puffer-finance-ethereum

qidao (11 networks):
  - qidao-arbitrum
  - qidao-avalanche
  - qidao-base
  - qidao-bsc
  - qidao-ethereum
  - qidao-fantom
  - qidao-gnosis
  - qidao-harmony
  - qidao-moonriver
  - qidao-optimism
  - qidao-polygon

rari-vaults (1 networks):
  - rari-vaults-ethereum

renzo (6 networks):
  - renzo-arbitrum
  - renzo-base
  - renzo-blast
  - renzo-bsc
  - renzo-ethereum
  - renzo-mode

ribbon-finance (2 networks):
  - ribbon-finance-avalanche
  - ribbon-finance-ethereum

ring-few (1 networks):
  - ring-few-blast

rocket-pool (1 networks):
  - rocket-pool-ethereum

saddle-finance (4 networks):
  - saddle-finance-arbitrum
  - saddle-finance-ethereum
  - saddle-finance-fantom
  - saddle-finance-optimism

seaport (1 networks):
  - opensea-seaport-ethereum

slisbnb (1 networks):
  - slisbnb-bsc

spiko (2 networks):
  - spiko-ethereum
  - spiko-polygon

stader (1 networks):
  - stader-ethereum

stake-link-liquid (1 networks):
  - stake-link-liquid-ethereum

stakedao (1 networks):
  - stakedao-ethereum

stakestone (1 networks):
  - stakestone-ethereum

stakewise-v2 (2 networks):
  - stakewise-v2-ethereum
  - stakewise-v2-gnosis

stargate (9 networks):
  - stargate-arbitrum
  - stargate-avalanche
  - stargate-base
  - stargate-bsc
  - stargate-ethereum
  - stargate-fantom
  - stargate-metis
  - stargate-optimism
  - stargate-polygon

stcelo (1 networks):
  - stcelo-celo

stream-finance (1 networks):
  - stream-finance-ethereum

superseed (1 networks):
  - superseed-ethereum

suzaku (1 networks):
  - suzaku-avalanche

swell-liquid-staking (1 networks):
  - swell-liquid-staking-ethereum

symbiotic (1 networks):
  - symbiotic-ethereum

tenderize-v2 (2 networks):
  - tenderize-v2-arbitrum
  - tenderize-v2-ethereum

tensorplex (1 networks):
  - tensorplex-ethereum

tether-gold (1 networks):
  - tether-gold-ethereum

the-graph (2 networks):
  - the-graph-arbitrum
  - the-graph-ethereum

tokemak (1 networks):
  - tokemak-ethereum

tornado-cash (2 networks):
  - tornado-cash-classic-bsc
  - tornado-cash-classic-ethereum

truefi (1 networks):
  - truefi-ethereum

umami-finance (1 networks):
  - umami-finance-arbitrum

uniswap-forks (31 networks):
  - apeswap-bsc
  - apeswap-polygon
  - baseswap-base
  - biswap-bsc
  - camelot-v2-arbitrum
  - honeyswap-gnosis
  - honeyswap-polygon
  - mm-finance-cronos
  - mm-finance-polygon
  - pangolin-avalanche
  - quickswap-polygon
  - solarbeam-moonriver
  - spiritswap-fantom
  - spookyswap-fantom
  - sushiswap-arbitrum
  - sushiswap-avalanche
  - sushiswap-bsc
  - sushiswap-celo
  - sushiswap-ethereum
  - sushiswap-fantom
  - sushiswap-fuse
  - sushiswap-gnosis
  - sushiswap-harmony
  - sushiswap-moonbeam
  - sushiswap-moonriver
  - sushiswap-polygon
  - trader-joe-avalanche
  - trisolaris-aurora
  - ubeswap-celo
  - uniswap-v2-ethereum
  - vvs-finance-cronos

uniswap-forks-swap (5 networks):
  - baseswap-swap-base
  - pancakeswap-v2-swap-bsc
  - quickswap-swap-polygon
  - spookyswap-swap-fantom
  - uniswap-v2-swap-ethereum

uniswap-v3-forks (20 networks):
  - iguanadex-v3-etherlink-mainnet
  - pancakeswap-v3-bsc
  - pancakeswap-v3-ethereum
  - sushiswap-v3-arbitrum
  - sushiswap-v3-avalanche
  - sushiswap-v3-bsc
  - sushiswap-v3-ethereum
  - sushiswap-v3-fantom
  - sushiswap-v3-fuse
  - sushiswap-v3-gnosis
  - sushiswap-v3-moonriver
  - sushiswap-v3-optimism
  - sushiswap-v3-polygon
  - uniswap-v3-arbitrum
  - uniswap-v3-base
  - uniswap-v3-bsc
  - uniswap-v3-celo
  - uniswap-v3-ethereum
  - uniswap-v3-optimism
  - uniswap-v3-polygon

uniswap-v3-forks-swap (5 networks):
  - pancakeswap-v3-swap-bsc
  - pancakeswap-v3-swap-ethereum
  - sushiswap-v3-swap-base
  - uniswap-v3-swap-base
  - uniswap-v3-swap-optimism

usual (1 networks):
  - usual-ethereum

vaultka (1 networks):
  - vaultka-arbitrum

velodrome-finance (2 networks):
  - velodrome-finance-v1-optimism
  - velodrome-finance-v2-optimism

vesper-finance (1 networks):
  - vesper-finance-ethereum

vesta-finance (1 networks):
  - vesta-finance-arbitrum

x2y2 (1 networks):
  - x2y2-ethereum

yearn-v2 (3 networks):
  - yearn-v2-arbitrum
  - yearn-v2-ethereum
  - yearn-v2-fantom

yeti-finance (1 networks):
  - yeti-finance-avalanche

yieldnest (2 networks):
  - yieldnest-bsc
  - yieldnest-ethereum

yieldyak-staked-avax (1 networks):
  - yieldyak-staked-avax-avalanche

zircuit-staking (1 networks):
  - zircuit-staking-ethereum
und-forks/protocols/tectonic/config/deployments/tectonic-cronos"
"compound-forks","venus-protocol-bsc","compound-forks/protocols/venus/config/deployments/venus-protocol-bsc"
"compound-v3","compound-v3-arbitrum","compound-v3/protocols/compound-v3/config/deployments/compound-v3-arbitrum"
"compound-v3","compound-v3-base","compound-v3/protocols/compound-v3/config/deployments/compound-v3-base"
"compound-v3","compound-v3-ethereum","compound-v3/protocols/compound-v3/config/deployments/compound-v3-ethereum"
"compound-v3","compound-v3-polygon","compound-v3/protocols/compound-v3/config/deployments/compound-v3-polygon"
"concentrator","concentrator-ethereum","concentrator/protocols/concentrator/config/deployments/concentrator-ethereum"
"convex-finance","convex-finance-ethereum","convex-finance/protocols/convex-finance/config/deployments/convex-finance-ethereum"
"creth2","creth2-ethereum","creth2/protocols/creth2/config/deployments/creth2-ethereum"
"cronos-dummy","cronos","cronos-dummy/protocols/cronos-dummy/config/deployments/cronos"
"cryptopunks","cryptopunks-ethereum","cryptopunks/protocols/cryptopunks/config/deployments/cryptopunks-ethereum"
"curve-finance","curve-finance-arbitrum","curve-finance/protocols/curve-finance/config/deployments/curve-finance-arbitrum"
"curve-finance","curve-finance-aurora","curve-finance/protocols/curve-finance/config/deployments/curve-finance-aurora"
"curve-finance","curve-finance-avalanche","curve-finance/protocols/curve-finance/config/deployments/curve-finance-avalanche"
"curve-finance","curve-finance-ethereum","curve-finance/protocols/curve-finance/config/deployments/curve-finance-ethereum"
"curve-finance","curve-finance-fantom","curve-finance/protocols/curve-finance/config/deployments/curve-finance-fantom"
"curve-finance","curve-finance-gnosis","curve-finance/protocols/curve-finance/config/deployments/curve-finance-gnosis"
"curve-finance","curve-finance-harmony","curve-finance/protocols/curve-finance/config/deployments/curve-finance-harmony"
"curve-finance","curve-finance-moonbeam","curve-finance/protocols/curve-finance/config/deployments/curve-finance-moonbeam"
"curve-finance","curve-finance-optimism","curve-finance/protocols/curve-finance/config/deployments/curve-finance-optimism"
"curve-finance","curve-finance-polygon","curve-finance/protocols/curve-finance/config/deployments/curve-finance-polygon"
"cygnus-finance","cygnus-finance-base","cygnus-finance/protocols/cygnus-finance/config/deployments/cygnus-finance-base"
"deq","deq-ethereum","deq/protocols/deq/config/deployments/deq-ethereum"
"dinero-pxeth","dinero-pxeth-ethereum","dinero-pxeth/protocols/dinero-pxeth/config/deployments/dinero-pxeth-ethereum"
"dopex","dopex-arbitrum","dopex/protocols/dopex/config/deployments/dopex-arbitrum"
"dopex","dopex-polygon","dopex/protocols/dopex/config/deployments/dopex-polygon"
"eigenlayer","eigenlayer-ethereum","eigenlayer/protocols/eigenlayer/config/deployments/eigenlayer-ethereum"
"eigenpie","eigenpie-ethereum","eigenpie/protocols/eigenpie/config/deployments/eigenpie-ethereum"
"ellipsis-finance","ellipsis-finance-bsc","ellipsis-finance/protocols/ellipsis-finance/config/deployments/ellipsis-finance-bsc"
"erc20","erc20-holders-2017","erc20/protocols/erc20/config/deployments/erc20-holders-2017"
"erc20","erc20-holders-2018","erc20/protocols/erc20/config/deployments/erc20-holders-2018"
"erc20","erc20-holders-2019","erc20/protocols/erc20/config/deployments/erc20-holders-2019"
"erc20","erc20-holders-2020","erc20/protocols/erc20/config/deployments/erc20-holders-2020"
"erc20","erc20-holders-2021","erc20/protocols/erc20/config/deployments/erc20-holders-2021"
"erc20","erc20-holders-2022","erc20/protocols/erc20/config/deployments/erc20-holders-2022"
"erc721-holders","erc721-holders-ethereum","erc721-holders/protocols/erc721-holders/config/deployments/erc721-holders-ethereum"
"erc721-metadata","erc721-metadata-ethereum","erc721-metadata/protocols/erc721-metadata/config/deployments/erc721-metadata-ethereum"
"etherfi","etherfi-ethereum","etherfi/protocols/etherfi/config/deployments/etherfi-ethereum"
"euler-finance","euler-finance-ethereum","euler-finance/protocols/euler-finance/config/deployments/euler-finance-ethereum"
"flat-money","flat-money-base","flat-money/protocols/flat-money/config/deployments/flat-money-base"
"frax-ether-staking","frax-ether-staking-arbitrum","frax-ether-staking/protocols/frax-ether-staking/config/deployments/frax-ether-staking-arbitrum"
"frax-ether-staking","frax-ether-staking-bsc","frax-ether-staking/protocols/frax-ether-staking/config/deployments/frax-ether-staking-bsc"
"frax-ether-staking","frax-ether-staking-ethereum","frax-ether-staking/protocols/frax-ether-staking/config/deployments/frax-ether-staking-ethereum"
"frax-ether-staking","frax-ether-staking-fantom","frax-ether-staking/protocols/frax-ether-staking/config/deployments/frax-ether-staking-fantom"
"frax-ether-staking","frax-ether-staking-moonbeam","frax-ether-staking/protocols/frax-ether-staking/config/deployments/frax-ether-staking-moonbeam"
"frax-ether-staking","frax-ether-staking-optimism","frax-ether-staking/protocols/frax-ether-staking/config/deployments/frax-ether-staking-optimism"
"frax-ether-staking","frax-ether-staking-polygon","frax-ether-staking/protocols/frax-ether-staking/config/deployments/frax-ether-staking-polygon"
"friend-tech","friend-tech-base","friend-tech/protocols/friend-tech/config/deployments/friend-tech-base"
"fx-protocol","fx-protocol-ethereum","fx-protocol/protocols/fx-protocol/config/deployments/fx-protocol-ethereum"
"gains-trade","gains-trade-arbitrum","gains-trade/protocols/gains-trade/config/deployments/gains-trade-arbitrum"
"gains-trade","gains-trade-polygon","gains-trade/protocols/gains-trade/config/deployments/gains-trade-polygon"
"gamma-strategies","gamma-strategies-arbitrum","gamma-strategies/protocols/gamma-strategies/config/deployments/gamma-strategies-arbitrum"
"gamma-strategies","gamma-strategies-ethereum","gamma-strategies/protocols/gamma-strategies/config/deployments/gamma-strategies-ethereum"
"gamma-strategies","gamma-strategies-optimism","gamma-strategies/protocols/gamma-strategies/config/deployments/gamma-strategies-optimism"
"gamma-strategies","gamma-strategies-polygon","gamma-strategies/protocols/gamma-strategies/config/deployments/gamma-strategies-polygon"
"gaurda-staking","gaurda-staking-ethereum","gaurda-staking/protocols/gaurda-staking/config/deployments/gaurda-staking-ethereum"
"geode","geode-avalanche","geode/protocols/geode/config/deployments/geode-avalanche"
"gmx-forks","gmx-arbitrum","gmx-forks/protocols/gmx/config/deployments/gmx-arbitrum"
"gmx-forks","gmx-avalanche","gmx-forks/protocols/gmx/config/deployments/gmx-avalanche"
"gmx-forks","mummy-finance-arbitrum","gmx-forks/protocols/mummy-finance/config/deployments/mummy-finance-arbitrum"
"gmx-forks","mummy-finance-fantom","gmx-forks/protocols/mummy-finance/config/deployments/mummy-finance-fantom"
"gmx-forks","mummy-finance-optimism","gmx-forks/protocols/mummy-finance/config/deployments/mummy-finance-optimism"
"gogopool","gogopool-avalanche","gogopool/protocols/gogopool/config/deployments/gogopool-avalanche"
"goldfinch","goldfinch-ethereum","goldfinch/protocols/goldfinch/config/deployments/goldfinch-ethereum"
"governor-alpha-bravo","ampleforth-governance-ethereum","governor-alpha-bravo/protocols/ampleforth-governance/config/deployments/ampleforth-governance-ethereum"
"governor-alpha-bravo","compound-governance-ethereum","governor-alpha-bravo/protocols/compound-governance/config/deployments/compound-governance-ethereum"
"governor-alpha-bravo","compound-governance-v1-ethereum","governor-alpha-bravo/protocols/compound-governance-v1/config/deployments/compound-governance-v1-ethereum"
"governor-alpha-bravo","cryptex-governance-ethereum","governor-alpha-bravo/protocols/cryptex-governance/config/deployments/cryptex-governance-ethereum"
"governor-alpha-bravo","gitcoin-governance-ethereum","governor-alpha-bravo/protocols/gitcoin-governance/config/deployments/gitcoin-governance-ethereum"
"governor-alpha-bravo","hifi-governance-ethereum","governor-alpha-bravo/protocols/hifi-governance/config/deployments/hifi-governance-ethereum"
"governor-alpha-bravo","idle-governance-ethereum","governor-alpha-bravo/protocols/idle-governance/config/deployments/idle-governance-ethereum"
"governor-alpha-bravo","idle-governance-v1-ethereum","governor-alpha-bravo/protocols/idle-governance-v1/config/deployments/idle-governance-v1-ethereum"
"governor-alpha-bravo","indexed-governance-ethereum","governor-alpha-bravo/protocols/indexed-governance/config/deployments/indexed-governance-ethereum"
"governor-alpha-bravo","lilnouns-governance-ethereum","governor-alpha-bravo/protocols/lilnouns-governance/config/deployments/lilnouns-governance-ethereum"
"governor-alpha-bravo","nouns-governance-ethereum","governor-alpha-bravo/protocols/nouns-governance/config/deployments/nouns-governance-ethereum"
"governor-alpha-bravo","ooki-governance-ethereum","governor-alpha-bravo/protocols/ooki-governance/config/deployments/ooki-governance-ethereum"
"governor-alpha-bravo","pooltogether-governance-ethereum","governor-alpha-bravo/protocols/pooltogether-governance/config/deployments/pooltogether-governance-ethereum"
"governor-alpha-bravo","radicle-governance-ethereum","governor-alpha-bravo/protocols/radicle-governance/config/deployments/radicle-governance-ethereum"
"governor-alpha-bravo","reflexer-governance-ethereum","governor-alpha-bravo/protocols/reflexer-governance/config/deployments/reflexer-governance-ethereum"
"governor-alpha-bravo","uniswap-governance-ethereum","governor-alpha-bravo/protocols/uniswap-governance/config/deployments/uniswap-governance-ethereum"
"governor-alpha-bravo","uniswap-governance-v1-ethereum","governor-alpha-bravo/protocols/uniswap-governance-v1/config/deployments/uniswap-governance-v1-ethereum"
"governor-alpha-bravo","uniswap-governance-v2-ethereum","governor-alpha-bravo/protocols/uniswap-governance-v2/config/deployments/uniswap-governance-v2-ethereum"
"governor-alpha-bravo","unslashed-governance-ethereum","governor-alpha-bravo/protocols/unslashed-governance/config/deployments/unslashed-governance-ethereum"
"gudchain","gudchain-ethereum","gudchain/protocols/gudchain/config/deployments/gudchain-ethereum"
"hop-protocol","hop-protocol-arbitrum","hop-protocol/protocols/hop-protocol/config/deployments/hop-protocol-arbitrum"
"hop-protocol","hop-protocol-ethereum","hop-protocol/protocols/hop-protocol/config/deployments/hop-protocol-ethereum"
"hop-protocol","hop-protocol-optimism","hop-protocol/protocols/hop-protocol/config/deployments/hop-protocol-optimism"
"hop-protocol","hop-protocol-polygon","hop-protocol/protocols/hop-protocol/config/deployments/hop-protocol-polygon"
"hop-protocol","hop-protocol-polygon-zkevm","hop-protocol/protocols/hop-protocol/config/deployments/hop-protocol-polygon-zkevm"
"hop-protocol","hop-protocol-xdai","hop-protocol/protocols/hop-protocol/config/deployments/hop-protocol-xdai"
"hord-fi","hord-fi-ethereum","hord-fi/protocols/hord-fi/config/deployments/hord-fi-ethereum"
"hyperlock-finance","hyperlock-finance-blast","hyperlock-finance/protocols/hyperlock-finance/config/deployments/hyperlock-finance-blast"
"inception","inception-ethereum","inception/protocols/inception/config/deployments/inception-ethereum"
"inverse-finance","inverse-finance-ethereum","inverse-finance/protocols/inverse-finance/config/deployments/inverse-finance-ethereum"
"karak","karak-arbitrum","karak/protocols/karak/config/deployments/karak-arbitrum"
"karak","karak-bsc","karak/protocols/karak/config/deployments/karak-bsc"
"karak","karak-ethereum","karak/protocols/karak/config/deployments/karak-ethereum"
"kelp-dao","kelp-dao-ethereum","kelp-dao/protocols/kelp-dao/config/deployments/kelp-dao-ethereum"
"kernel-protocol","kernel-protocol-ethereum","kernel-protocol/protocols/kernel-protocol/config/deployments/kernel-protocol-ethereum"
"klimadao","klimadao-polygon","klimadao/protocols/klimadao/config/deployments/klimadao-polygon"
"kwenta","kwenta-optimism","kwenta/protocols/kwenta/config/deployments/kwenta-optimism"
"level-finance","level-finance-arbitrum","level-finance/protocols/level-finance/config/deployments/level-finance-arbitrum"
"level-finance","level-finance-bsc","level-finance/protocols/level-finance/config/deployments/level-finance-bsc"
"lido","lido-ethereum","lido/protocols/lido/config/deployments/lido-ethereum"
"liquid-collective","liquid-collective-ethereum","liquid-collective/protocols/liquid-collective/config/deployments/liquid-collective-ethereum"
"liquity","liquity-ethereum","liquity/protocols/liquity/config/deployments/liquity-ethereum"
"livepeer","livepeer-arbitrum","livepeer/protocols/livepeer/config/deployments/livepeer-arbitrum"
"llama-airforce","llama-airforce-ethereum","llama-airforce/protocols/llama-airforce/config/deployments/llama-airforce-ethereum"
"looksrare","looksrare-ethereum","looksrare/protocols/looksrare/config/deployments/looksrare-ethereum"
"lybra-finance","lybra-finance-ethereum","lybra-finance/protocols/lybra-finance/config/deployments/lybra-finance-ethereum"
"m0-power","m0-power-ethereum","m0-power/protocols/m0-power/config/deployments/m0-power-ethereum"
"maker-governance","maker-governance-ethereum","maker-governance/protocols/maker-governance/config/deployments/maker-governance-ethereum"
"makerdao","makerdao-ethereum","makerdao/protocols/makerdao/config/deployments/makerdao-ethereum"
"mantle-staked-eth","mantle-staked-eth-ethereum","mantle-staked-eth/protocols/mantle-staked-eth/config/deployments/mantle-staked-eth-ethereum"
"maple-finance-v1","maple-finance-v1-ethereum","maple-finance-v1/protocols/maple-finance-v1/config/deployments/maple-finance-v1-ethereum"
"maple-finance-v2","maple-finance-v2-ethereum","maple-finance-v2/protocols/maple-finance-v2/config/deployments/maple-finance-v2-ethereum"
"matrixdock","matrixdock-ethereum","matrixdock/protocols/matrixdock/config/deployments/matrixdock-ethereum"
"mellow-lrt","mellow-lrt-ethereum","mellow-lrt/protocols/mellow-lrt/config/deployments/mellow-lrt-ethereum"
"mev-protocol","mev-protocol-ethereum","mev-protocol/protocols/mev-protocol/config/deployments/mev-protocol-ethereum"
"morpho","morpho-aave-v2-ethereum","morpho/protocols/morpho-aave-v2/config/deployments/morpho-aave-v2-ethereum"
"morpho","morpho-aave-v3-ethereum","morpho/protocols/morpho-aave-v3/config/deployments/morpho-aave-v3-ethereum"
"morpho","morpho-compound-ethereum","morpho/protocols/morpho-compound/config/deployments/morpho-compound-ethereum"
"morpho-blue","morpho-blue-ethereum","morpho-blue/protocols/morpho-blue/config/deployments/morpho-blue-ethereum"
"mountain-protocol","mountain-protocol-arbitrum","mountain-protocol/protocols/mountain-protocol/config/deployments/mountain-protocol-arbitrum"
"mountain-protocol","mountain-protocol-base","mountain-protocol/protocols/mountain-protocol/config/deployments/mountain-protocol-base"
"mountain-protocol","mountain-protocol-ethereum","mountain-protocol/protocols/mountain-protocol/config/deployments/mountain-protocol-ethereum"
"mountain-protocol","mountain-protocol-optimism","mountain-protocol/protocols/mountain-protocol/config/deployments/mountain-protocol-optimism"
"mountain-protocol","mountain-protocol-polygon","mountain-protocol/protocols/mountain-protocol/config/deployments/mountain-protocol-polygon"
"multichain","multichain-arbitrum","multichain/protocols/multichain/config/deployments/multichain-arbitrum"
"multichain","multichain-avalanche","multichain/protocols/multichain/config/deployments/multichain-avalanche"
"multichain","multichain-bsc","multichain/protocols/multichain/config/deployments/multichain-bsc"
"multichain","multichain-celo","multichain/protocols/multichain/config/deployments/multichain-celo"
"multichain","multichain-ethereum","multichain/protocols/multichain/config/deployments/multichain-ethereum"
"multichain","multichain-fantom","multichain/protocols/multichain/config/deployments/multichain-fantom"
"multichain","multichain-gnosis","multichain/protocols/multichain/config/deployments/multichain-gnosis"
"multichain","multichain-optimism","multichain/protocols/multichain/config/deployments/multichain-optimism"
"multichain","multichain-polygon","multichain/protocols/multichain/config/deployments/multichain-polygon"
"mux-protocol","mux-protocol-arbitrum","mux-protocol/protocols/mux-protocol/config/deployments/mux-protocol-arbitrum"
"mux-protocol","mux-protocol-avalanche","mux-protocol/protocols/mux-protocol/config/deployments/mux-protocol-avalanche"
"mux-protocol","mux-protocol-bsc","mux-protocol/protocols/mux-protocol/config/deployments/mux-protocol-bsc"
"mux-protocol","mux-protocol-fantom","mux-protocol/protocols/mux-protocol/config/deployments/mux-protocol-fantom"
"mux-protocol","mux-protocol-optimism","mux-protocol/protocols/mux-protocol/config/deployments/mux-protocol-optimism"
"network","arweave-mainnet","network/protocols/arweave/config/deployments/arweave-mainnet"
"network","cosmoshub","network/protocols/cosmos/config/deployments/cosmoshub"
"network","cronos","network/protocols/cronos/config/deployments/cronos"
"network","evm-arbitrum","network/protocols/evm/config/deployments/evm-arbitrum"
"network","evm-aurora","network/protocols/evm/config/deployments/evm-aurora"
"network","evm-avalanche","network/protocols/evm/config/deployments/evm-avalanche"
"network","evm-boba","network/protocols/evm/config/deployments/evm-boba"
"network","evm-bsc","network/protocols/evm/config/deployments/evm-bsc"
"network","evm-celo","network/protocols/evm/config/deployments/evm-celo"
"network","evm-clover","network/protocols/evm/config/deployments/evm-clover"
"network","evm-ethereum","network/protocols/evm/config/deployments/evm-ethereum"
"network","evm-fantom","network/protocols/evm/config/deployments/evm-fantom"
"network","evm-fuse","network/protocols/evm/config/deployments/evm-fuse"
"network","evm-gnosis","network/protocols/evm/config/deployments/evm-gnosis"
"network","evm-harmony","network/protocols/evm/config/deployments/evm-harmony"
"network","evm-moonbeam","network/protocols/evm/config/deployments/evm-moonbeam"
"network","evm-moonriver","network/protocols/evm/config/deployments/evm-moonriver"
"network","evm-optimism","network/protocols/evm/config/deployments/evm-optimism"
"network","evm-polygon","network/protocols/evm/config/deployments/evm-polygon"
"network","evm-polygon-zkevm","network/protocols/evm/config/deployments/evm-polygon-zkevm"
"network","evm-zksync","network/protocols/evm/config/deployments/evm-zksync"
"network","juno","network/protocols/cosmos/config/deployments/juno"
"network","near-mainnet","network/protocols/near/config/deployments/near-mainnet"
"network","osmosis","network/protocols/cosmos/config/deployments/osmosis"
"nexus-mutual","nexus-mutual-ethereum","nexus-mutual/protocols/nexus-mutual/config/deployments/nexus-mutual-ethereum"
"node-dao","node-dao-ethereum","node-dao/protocols/node-dao/config/deployments/node-dao-ethereum"
"notional-finance","notional-finance-ethereum","notional-finance/protocols/notional-finance/config/deployments/notional-finance-ethereum"
"opensea","opensea-v1-ethereum","opensea/protocols/opensea-v1/config/deployments/opensea-v1-ethereum"
"opensea","opensea-v2-ethereum","opensea/protocols/opensea-v2/config/deployments/opensea-v2-ethereum"
"openzeppelin-governor","angle-governance-ethereum","openzeppelin-governor/protocols/angle-governance/config/deployments/angle-governance-ethereum"
"openzeppelin-governor","code4rena-governance-polygon","openzeppelin-governor/protocols/code4rena-governance/config/deployments/code4rena-governance-polygon"
"openzeppelin-governor","ens-governance-ethereum","openzeppelin-governor/protocols/ens-governance/config/deployments/ens-governance-ethereum"
"openzeppelin-governor","euler-governance-ethereum","openzeppelin-governor/protocols/euler-governance/config/deployments/euler-governance-ethereum"
"openzeppelin-governor","fei-governance-ethereum","openzeppelin-governor/protocols/fei-governance/config/deployments/fei-governance-ethereum"
"openzeppelin-governor","hop-governance-ethereum","openzeppelin-governor/protocols/hop-governance/config/deployments/hop-governance-ethereum"
"openzeppelin-governor","optimism-governance-optimism","openzeppelin-governor/protocols/optimism-governance/config/deployments/optimism-governance-optimism"
"openzeppelin-governor","ousd-governance-ethereum","openzeppelin-governor/protocols/ousd-governance/config/deployments/ousd-governance-ethereum"
"openzeppelin-governor","rarible-governance-ethereum","openzeppelin-governor/protocols/rarible-governance/config/deployments/rarible-governance-ethereum"
"openzeppelin-governor","silo-governance-ethereum","openzeppelin-governor/protocols/silo-governance/config/deployments/silo-governance-ethereum"
"openzeppelin-governor","threshold-governance-ethereum","openzeppelin-governor/protocols/threshold-governance/config/deployments/threshold-governance-ethereum"
"openzeppelin-governor","truefi-governance-ethereum","openzeppelin-governor/protocols/truefi-governance/config/deployments/truefi-governance-ethereum"
"openzeppelin-governor","unlock-governance-ethereum","openzeppelin-governor/protocols/unlock-governance/config/deployments/unlock-governance-ethereum"
"optimism-bridge-v2","optimism-bridge-v2-ethereum","optimism-bridge-v2/protocols/optimism-bridge-v2/config/deployments/optimism-bridge-v2-ethereum"
"optimism-bridge-v2","optimism-bridge-v2-optimism","optimism-bridge-v2/protocols/optimism-bridge-v2/config/deployments/optimism-bridge-v2-optimism"
"opyn-gamma","opyn-gamma-arbitrum","opyn-gamma/protocols/opyn-gamma/config/deployments/opyn-gamma-arbitrum"
"opyn-gamma","opyn-gamma-avalanche","opyn-gamma/protocols/opyn-gamma/config/deployments/opyn-gamma-avalanche"
"opyn-gamma","opyn-gamma-ethereum","opyn-gamma/protocols/opyn-gamma/config/deployments/opyn-gamma-ethereum"
"opyn-gamma","opyn-gamma-polygon","opyn-gamma/protocols/opyn-gamma/config/deployments/opyn-gamma-polygon"
"ora-protocol","ora-protocol-ethereum","ora-protocol/protocols/ora-protocol/config/deployments/ora-protocol-ethereum"
"orbit","orbit-bsc","orbit/protocols/orbit/config/deployments/orbit-bsc"
"orbit","orbit-celo","orbit/protocols/orbit/config/deployments/orbit-celo"
"orbit","orbit-ethereum","orbit/protocols/orbit/config/deployments/orbit-ethereum"
"orbit","orbit-heco","orbit/protocols/orbit/config/deployments/orbit-heco"
"orbit","orbit-klaytn","orbit/protocols/orbit/config/deployments/orbit-klaytn"
"orbit","orbit-polygon","orbit/protocols/orbit/config/deployments/orbit-polygon"
"origin-ether","origin-ether-ethereum","origin-ether/protocols/origin-ether/config/deployments/origin-ether-ethereum"
"osmosis-dex","osmosis-dex-osmosis","osmosis-dex/protocols/osmosis-dex/config/deployments/osmosis-dex-osmosis"
"paxos-gold","paxos-gold-ethereum","paxos-gold/protocols/paxos-gold/config/deployments/paxos-gold-ethereum"
"platypus-finance","platypus-finance-avalanche","platypus-finance/protocols/platypus-finance/config/deployments/platypus-finance-avalanche"
"portal","portal-avalanche","portal/protocols/portal/config/deployments/portal-avalanche"
"portal","portal-bsc","portal/protocols/portal/config/deployments/portal-bsc"
"portal","portal-ethereum","portal/protocols/portal/config/deployments/portal-ethereum"
"portal","portal-fantom","portal/protocols/portal/config/deployments/portal-fantom"
"portal","portal-polygon","portal/protocols/portal/config/deployments/portal-polygon"
"powh3d","powh3d-ethereum","powh3d/protocols/powh3d/config/deployments/powh3d-ethereum"
"prime-staked-eth","prime-staked-eth-ethereum","prime-staked-eth/protocols/prime-staked-eth/config/deployments/prime-staked-eth-ethereum"
"puffer-finance","puffer-finance-ethereum","puffer-finance/protocols/puffer-finance/config/deployments/puffer-finance-ethereum"
"qidao","qidao-arbitrum","qidao/protocols/qidao/config/deployments/qidao-arbitrum"
"qidao","qidao-avalanche","qidao/protocols/qidao/config/deployments/qidao-avalanche"
"qidao","qidao-base","qidao/protocols/qidao/config/deployments/qidao-base"
"qidao","qidao-bsc","qidao/protocols/qidao/config/deployments/qidao-bsc"
"qidao","qidao-ethereum","qidao/protocols/qidao/config/deployments/qidao-ethereum"
"qidao","qidao-fantom","qidao/protocols/qidao/config/deployments/qidao-fantom"
"qidao","qidao-gnosis","qidao/protocols/qidao/config/deployments/qidao-gnosis"
"qidao","qidao-harmony","qidao/protocols/qidao/config/deployments/qidao-harmony"
"qidao","qidao-moonriver","qidao/protocols/qidao/config/deployments/qidao-moonriver"
"qidao","qidao-optimism","qidao/protocols/qidao/config/deployments/qidao-optimism"
"qidao","qidao-polygon","qidao/protocols/qidao/config/deployments/qidao-polygon"
"rari-vaults","rari-vaults-ethereum","rari-vaults/protocols/rari-vaults/config/deployments/rari-vaults-ethereum"
"renzo","renzo-arbitrum","renzo/protocols/renzo/config/deployments/renzo-arbitrum"
"renzo","renzo-base","renzo/protocols/renzo/config/deployments/renzo-base"
"renzo","renzo-blast","renzo/protocols/renzo/config/deployments/renzo-blast"
"renzo","renzo-bsc","renzo/protocols/renzo/config/deployments/renzo-bsc"
"renzo","renzo-ethereum","renzo/protocols/renzo/config/deployments/renzo-ethereum"
"renzo","renzo-mode","renzo/protocols/renzo/config/deployments/renzo-mode"
"ribbon-finance","ribbon-finance-avalanche","ribbon-finance/protocols/ribbon-finance/config/deployments/ribbon-finance-avalanche"
"ribbon-finance","ribbon-finance-ethereum","ribbon-finance/protocols/ribbon-finance/config/deployments/ribbon-finance-ethereum"
"ring-few","ring-few-blast","ring-few/protocols/ring-few/config/deployments/ring-few-blast"
"rocket-pool","rocket-pool-ethereum","rocket-pool/protocols/rocket-pool/config/deployments/rocket-pool-ethereum"
"saddle-finance","saddle-finance-arbitrum","saddle-finance/protocols/saddle-finance/config/deployments/saddle-finance-arbitrum"
"saddle-finance","saddle-finance-ethereum","saddle-finance/protocols/saddle-finance/config/deployments/saddle-finance-ethereum"
"saddle-finance","saddle-finance-fantom","saddle-finance/protocols/saddle-finance/config/deployments/saddle-finance-fantom"
"saddle-finance","saddle-finance-optimism","saddle-finance/protocols/saddle-finance/config/deployments/saddle-finance-optimism"
"seaport","opensea-seaport-ethereum","seaport/protocols/seaport/config/deployments/opensea-seaport-ethereum"
"slisbnb","slisbnb-bsc","slisbnb/protocols/slisbnb/config/deployments/slisbnb-bsc"
"spiko","spiko-ethereum","spiko/protocols/spiko/config/deployments/spiko-ethereum"
"spiko","spiko-polygon","spiko/protocols/spiko/config/deployments/spiko-polygon"
"stader","stader-ethereum","stader/protocols/stader/config/deployments/stader-ethereum"
"stake-link-liquid","stake-link-liquid-ethereum","stake-link-liquid/protocols/stake-link-liquid/config/deployments/stake-link-liquid-ethereum"
"stakedao","stakedao-ethereum","stakedao/protocols/stakedao/config/deployments/stakedao-ethereum"
"stakestone","stakestone-ethereum","stakestone/protocols/stakestone/config/deployments/stakestone-ethereum"
"stakewise-v2","stakewise-v2-ethereum","stakewise-v2/protocols/stakewise-v2/config/deployments/stakewise-v2-ethereum"
"stakewise-v2","stakewise-v2-gnosis","stakewise-v2/protocols/stakewise-v2/config/deployments/stakewise-v2-gnosis"
"stargate","stargate-arbitrum","stargate/protocols/stargate/config/deployments/stargate-arbitrum"
"stargate","stargate-avalanche","stargate/protocols/stargate/config/deployments/stargate-avalanche"
"stargate","stargate-base","stargate/protocols/stargate/config/deployments/stargate-base"
"stargate","stargate-bsc","stargate/protocols/stargate/config/deployments/stargate-bsc"
"stargate","stargate-ethereum","stargate/protocols/stargate/config/deployments/stargate-ethereum"
"stargate","stargate-fantom","stargate/protocols/stargate/config/deployments/stargate-fantom"
"stargate","stargate-metis","stargate/protocols/stargate/config/deployments/stargate-metis"
"stargate","stargate-optimism","stargate/protocols/stargate/config/deployments/stargate-optimism"
"stargate","stargate-polygon","stargate/protocols/stargate/config/deployments/stargate-polygon"
"stcelo","stcelo-celo","stcelo/protocols/stcelo/config/deployments/stcelo-celo"
"stream-finance","stream-finance-ethereum","stream-finance/protocols/stream-finance/config/deployments/stream-finance-ethereum"
"superseed","superseed-ethereum","superseed/protocols/superseed/config/deployments/superseed-ethereum"
"suzaku","suzaku-avalanche","suzaku/protocols/suzaku/config/deployments/suzaku-avalanche"
"swell-liquid-staking","swell-liquid-staking-ethereum","swell-liquid-staking/protocols/swell-liquid-staking/config/deployments/swell-liquid-staking-ethereum"
"symbiotic","symbiotic-ethereum","symbiotic/protocols/symbiotic/config/deployments/symbiotic-ethereum"
"tenderize-v2","tenderize-v2-arbitrum","tenderize-v2/protocols/tenderize-v2/config/deployments/tenderize-v2-arbitrum"
"tenderize-v2","tenderize-v2-ethereum","tenderize-v2/protocols/tenderize-v2/config/deployments/tenderize-v2-ethereum"
"tensorplex","tensorplex-ethereum","tensorplex/protocols/tensorplex/config/deployments/tensorplex-ethereum"
"tether-gold","tether-gold-ethereum","tether-gold/protocols/tether-gold/config/deployments/tether-gold-ethereum"
"the-graph","the-graph-arbitrum","the-graph/protocols/the-graph/config/deployments/the-graph-arbitrum"
"the-graph","the-graph-ethereum","the-graph/protocols/the-graph/config/deployments/the-graph-ethereum"
"tokemak","tokemak-ethereum","tokemak/protocols/tokemak/config/deployments/tokemak-ethereum"
"tornado-cash","tornado-cash-classic-bsc","tornado-cash/protocols/tornado-cash/config/deployments/tornado-cash-classic-bsc"
"tornado-cash","tornado-cash-classic-ethereum","tornado-cash/protocols/tornado-cash/config/deployments/tornado-cash-classic-ethereum"
"truefi","truefi-ethereum","truefi/protocols/truefi/config/deployments/truefi-ethereum"
"umami-finance","umami-finance-arbitrum","umami-finance/protocols/umami-finance/config/deployments/umami-finance-arbitrum"
"uniswap-forks","apeswap-bsc","uniswap-forks/protocols/apeswap/config/deployments/apeswap-bsc"
"uniswap-forks","apeswap-polygon","uniswap-forks/protocols/apeswap/config/deployments/apeswap-polygon"
"uniswap-forks","baseswap-base","uniswap-forks/protocols/baseswap/config/deployments/baseswap-base"
"uniswap-forks","biswap-bsc","uniswap-forks/protocols/biswap/config/deployments/biswap-bsc"
"uniswap-forks","camelot-v2-arbitrum","uniswap-forks/protocols/camelot-v2/config/deployments/camelot-v2-arbitrum"
"uniswap-forks","honeyswap-gnosis","uniswap-forks/protocols/honeyswap/config/deployments/honeyswap-gnosis"
"uniswap-forks","honeyswap-polygon","uniswap-forks/protocols/honeyswap/config/deployments/honeyswap-polygon"
"uniswap-forks","mm-finance-cronos","uniswap-forks/protocols/mm-finance/config/deployments/mm-finance-cronos"
"uniswap-forks","mm-finance-polygon","uniswap-forks/protocols/mm-finance/config/deployments/mm-finance-polygon"
"uniswap-forks","pangolin-avalanche","uniswap-forks/protocols/pangolin/config/deployments/pangolin-avalanche"
"uniswap-forks","quickswap-polygon","uniswap-forks/protocols/quickswap/config/deployments/quickswap-polygon"
"uniswap-forks","solarbeam-moonriver","uniswap-forks/protocols/solarbeam/config/deployments/solarbeam-moonriver"
"uniswap-forks","spiritswap-fantom","uniswap-forks/protocols/spiritswap/config/deployments/spiritswap-fantom"
"uniswap-forks","spookyswap-fantom","uniswap-forks/protocols/spookyswap/config/deployments/spookyswap-fantom"
"uniswap-forks","sushiswap-arbitrum","uniswap-forks/protocols/sushiswap/config/deployments/sushiswap-arbitrum"
"uniswap-forks","sushiswap-avalanche","uniswap-forks/protocols/sushiswap/config/deployments/sushiswap-avalanche"
"uniswap-forks","sushiswap-bsc","uniswap-forks/protocols/sushiswap/config/deployments/sushiswap-bsc"
"uniswap-forks","sushiswap-celo","uniswap-forks/protocols/sushiswap/config/deployments/sushiswap-celo"
"uniswap-forks","sushiswap-ethereum","uniswap-forks/protocols/sushiswap/config/deployments/sushiswap-ethereum"
"uniswap-forks","sushiswap-fantom","uniswap-forks/protocols/sushiswap/config/deployments/sushiswap-fantom"
"uniswap-forks","sushiswap-fuse","uniswap-forks/protocols/sushiswap/config/deployments/sushiswap-fuse"
"uniswap-forks","sushiswap-gnosis","uniswap-forks/protocols/sushiswap/config/deployments/sushiswap-gnosis"
"uniswap-forks","sushiswap-harmony","uniswap-forks/protocols/sushiswap/config/deployments/sushiswap-harmony"
"uniswap-forks","sushiswap-moonbeam","uniswap-forks/protocols/sushiswap/config/deployments/sushiswap-moonbeam"
"uniswap-forks","sushiswap-moonriver","uniswap-forks/protocols/sushiswap/config/deployments/sushiswap-moonriver"
"uniswap-forks","sushiswap-polygon","uniswap-forks/protocols/sushiswap/config/deployments/sushiswap-polygon"
"uniswap-forks","trader-joe-avalanche","uniswap-forks/protocols/trader-joe/config/deployments/trader-joe-avalanche"
"uniswap-forks","trisolaris-aurora","uniswap-forks/protocols/trisolaris/config/deployments/trisolaris-aurora"
"uniswap-forks","ubeswap-celo","uniswap-forks/protocols/ubeswap/config/deployments/ubeswap-celo"
"uniswap-forks","uniswap-v2-ethereum","uniswap-forks/protocols/uniswap-v2/config/deployments/uniswap-v2-ethereum"
"uniswap-forks","vvs-finance-cronos","uniswap-forks/protocols/vvs-finance/config/deployments/vvs-finance-cronos"
"uniswap-forks-swap","baseswap-swap-base","uniswap-forks-swap/protocols/baseswap-swap/config/deployments/baseswap-swap-base"
"uniswap-forks-swap","pancakeswap-v2-swap-bsc","uniswap-forks-swap/protocols/pancakeswap-v2-swap/config/deployments/pancakeswap-v2-swap-bsc"
"uniswap-forks-swap","quickswap-swap-polygon","uniswap-forks-swap/protocols/quickswap-swap/config/deployments/quickswap-swap-polygon"
"uniswap-forks-swap","spookyswap-swap-fantom","uniswap-forks-swap/protocols/spookyswap-swap/config/deployments/spookyswap-swap-fantom"
"uniswap-forks-swap","uniswap-v2-swap-ethereum","uniswap-forks-swap/protocols/uniswap-v2-swap/config/deployments/uniswap-v2-swap-ethereum"
"uniswap-v3-forks","iguanadex-v3-etherlink-mainnet","uniswap-v3-forks/protocols/iguanadex-v3/config/deployments/iguanadex-v3-etherlink-mainnet"
"uniswap-v3-forks","pancakeswap-v3-bsc","uniswap-v3-forks/protocols/pancakeswap-v3/config/deployments/pancakeswap-v3-bsc"
"uniswap-v3-forks","pancakeswap-v3-ethereum","uniswap-v3-forks/protocols/pancakeswap-v3/config/deployments/pancakeswap-v3-ethereum"
"uniswap-v3-forks","sushiswap-v3-arbitrum","uniswap-v3-forks/protocols/sushiswap-v3/config/deployments/sushiswap-v3-arbitrum"
"uniswap-v3-forks","sushiswap-v3-avalanche","uniswap-v3-forks/protocols/sushiswap-v3/config/deployments/sushiswap-v3-avalanche"
"uniswap-v3-forks","sushiswap-v3-bsc","uniswap-v3-forks/protocols/sushiswap-v3/config/deployments/sushiswap-v3-bsc"
"uniswap-v3-forks","sushiswap-v3-ethereum","uniswap-v3-forks/protocols/sushiswap-v3/config/deployments/sushiswap-v3-ethereum"
"uniswap-v3-forks","sushiswap-v3-fantom","uniswap-v3-forks/protocols/sushiswap-v3/config/deployments/sushiswap-v3-fantom"
"uniswap-v3-forks","sushiswap-v3-fuse","uniswap-v3-forks/protocols/sushiswap-v3/config/deployments/sushiswap-v3-fuse"
"uniswap-v3-forks","sushiswap-v3-gnosis","uniswap-v3-forks/protocols/sushiswap-v3/config/deployments/sushiswap-v3-gnosis"
"uniswap-v3-forks","sushiswap-v3-moonriver","uniswap-v3-forks/protocols/sushiswap-v3/config/deployments/sushiswap-v3-moonriver"
"uniswap-v3-forks","sushiswap-v3-optimism","uniswap-v3-forks/protocols/sushiswap-v3/config/deployments/sushiswap-v3-optimism"
"uniswap-v3-forks","sushiswap-v3-polygon","uniswap-v3-forks/protocols/sushiswap-v3/config/deployments/sushiswap-v3-polygon"
"uniswap-v3-forks","uniswap-v3-arbitrum","uniswap-v3-forks/protocols/uniswap-v3/config/deployments/uniswap-v3-arbitrum"
"uniswap-v3-forks","uniswap-v3-base","uniswap-v3-forks/protocols/uniswap-v3/config/deployments/uniswap-v3-base"
"uniswap-v3-forks","uniswap-v3-bsc","uniswap-v3-forks/protocols/uniswap-v3/config/deployments/uniswap-v3-bsc"
"uniswap-v3-forks","uniswap-v3-celo","uniswap-v3-forks/protocols/uniswap-v3/config/deployments/uniswap-v3-celo"
"uniswap-v3-forks","uniswap-v3-ethereum","uniswap-v3-forks/protocols/uniswap-v3/config/deployments/uniswap-v3-ethereum"
"uniswap-v3-forks","uniswap-v3-optimism","uniswap-v3-forks/protocols/uniswap-v3/config/deployments/uniswap-v3-optimism"
"uniswap-v3-forks","uniswap-v3-polygon","uniswap-v3-forks/protocols/uniswap-v3/config/deployments/uniswap-v3-polygon"
"uniswap-v3-forks-swap","pancakeswap-v3-swap-bsc","uniswap-v3-forks-swap/protocols/pancakeswap-v3-swap/config/deployments/pancakeswap-v3-swap-bsc"
"uniswap-v3-forks-swap","pancakeswap-v3-swap-ethereum","uniswap-v3-forks-swap/protocols/pancakeswap-v3-swap/config/deployments/pancakeswap-v3-swap-ethereum"
"uniswap-v3-forks-swap","sushiswap-v3-swap-base","uniswap-v3-forks-swap/protocols/sushiswap-v3-swap/config/deployments/sushiswap-v3-swap-base"
"uniswap-v3-forks-swap","uniswap-v3-swap-base","uniswap-v3-forks-swap/protocols/uniswap-v3-swap/config/deployments/uniswap-v3-swap-base"
"uniswap-v3-forks-swap","uniswap-v3-swap-optimism","uniswap-v3-forks-swap/protocols/uniswap-v3-swap/config/deployments/uniswap-v3-swap-optimism"
"usual","usual-ethereum","usual/protocols/usual/config/deployments/usual-ethereum"
"vaultka","vaultka-arbitrum","vaultka/protocols/vaultka/config/deployments/vaultka-arbitrum"
"velodrome-finance","velodrome-finance-v1-optimism","velodrome-finance/protocols/velodrome-finance-v1/config/deployments/velodrome-finance-v1-optimism"
"velodrome-finance","velodrome-finance-v2-optimism","velodrome-finance/protocols/velodrome-finance-v2/config/deployments/velodrome-finance-v2-optimism"
"vesper-finance","vesper-finance-ethereum","vesper-finance/protocols/vesper-finance/config/deployments/vesper-finance-ethereum"
"vesta-finance","vesta-finance-arbitrum","vesta-finance/protocols/vesta-finance/config/deployments/vesta-finance-arbitrum"
"x2y2","x2y2-ethereum","x2y2/protocols/x2y2/config/deployments/x2y2-ethereum"
"yearn-v2","yearn-v2-arbitrum","yearn-v2/protocols/yearn-v2/config/deployments/yearn-v2-arbitrum"
"yearn-v2","yearn-v2-ethereum","yearn-v2/protocols/yearn-v2/config/deployments/yearn-v2-ethereum"
"yearn-v2","yearn-v2-fantom","yearn-v2/protocols/yearn-v2/config/deployments/yearn-v2-fantom"
"yeti-finance","yeti-finance-avalanche","yeti-finance/protocols/yeti-finance/config/deployments/yeti-finance-avalanche"
"yieldnest","yieldnest-bsc","yieldnest/protocols/yieldnest/config/deployments/yieldnest-bsc"
"yieldnest","yieldnest-ethereum","yieldnest/protocols/yieldnest/config/deployments/yieldnest-ethereum"
"yieldyak-staked-avax","yieldyak-staked-avax-avalanche","yieldyak-staked-avax/protocols/yieldyak-staked-avax/config/deployments/yieldyak-staked-avax-avalanche"
"zircuit-staking","zircuit-staking-ethereum","zircuit-staking/protocols/zircuit-staking/config/deployments/zircuit-staking-ethereum"